movName,movReleaseDate,duration
How to Train Your Dragon,2010-03-21,98
4400 The Movie,2019-08-12,130
The First Pokemon Movie,1998-07-19,75
The King's Speech,2010-11-26,119
Avengers: Endgame,2019-04-26,181
Spaceballs,1987-06-24,96
Spider-Man: Into the Spider-Verse,2018-12-01,117
Georgia Tech The Movie,1985-08-13,100
George P Burdell's Life Story,1927-08-12,100
Calculus Returns: A ML Story,2019-09-19,314